<?xml version="1.0" encoding="UTF-8"?>
<!DOCTYPE syntax SYSTEM "syntax.dtd">
<syntax>

    <head>
        <name>Groovy</name>
        <charsintokens><![CDATA[_0987654321abcdefghijklmnopqrstuvwxyzABCDEFGHIJKLMNOPQRSTUVWXYZ@.]]></charsintokens>
        <folding toplevel="2"/>
    </head>

    <states>
    
        <default id="Base" usesymbolsfrommode="Groovy" useautocompletefrommode="Groovy" scope="meta.default">
            <keywords id="Types" useforautocomplete="yes" scope="keyword.type">
                <string>boolean</string>
                <string>byte</string>
                <string>char</string>
                <string>double</string>
                <string>float</string>
                <string>int</string>
                <string>long</string>
                <string>short</string>
                <string>void</string>
            </keywords>
            <keywords id="Keywords" useforautocomplete="yes" scope="keyword.control">
                <string>abstract</string>
                <string>as</string>
                <string>assert</string>
                <string>break</string>
                <string>case</string>
                <string>catch</string>
                <string>class</string>
                <string>const</string>
                <string>continue</string>
                <string>def</string>
                <string>default</string>
                <string>do</string>
                <string>else</string>
                <string>extends</string>
                <string>false</string>
                <string>final</string>
                <string>finally</string>
                <string>for</string>
                <string>goto</string>
                <string>if</string>
                <string>implements</string>
                <string>import</string>
                <string>instanceof</string>
                <string>interface</string>
                <string>native</string>
                <string>new</string>
                <string>null</string>
                <string>package</string>
                <string>print</string>
                <string>println</string>
                <string>private</string>
                <string>property</string>
                <string>protected</string>
                <string>public</string>
                <string>return</string>
                <string>static</string>
                <string>super</string>
                <string>switch</string>
                <string>synchronized</string>
                <string>this</string>
                <string>throw</string>
                <string>throws</string>
                <string>true</string>
                <string>try</string>
                <string>while</string>
            </keywords>
            <keywords id="Classes" useforautocomplete="yes" scope="support.class">
                <string>AbstractAction</string>
                <string>AbstractBorder</string>
                <string>AbstractButton</string>
                <string>AbstractCellEditor</string>
                <string>AbstractCollection</string>
                <string>AbstractColorChooserPanel</string>
                <string>AbstractDocument</string>
                <string>AbstractDocument.AttributeContext</string>
                <string>AbstractDocument.Content</string>
                <string>AbstractDocument.ElementEdit</string>
                <string>AbstractLayoutCache</string>
                <string>AbstractLayoutCache.NodeDimensions</string>
                <string>AbstractList</string>
                <string>AbstractListModel</string>
                <string>AbstractMap</string>
                <string>AbstractMethodError</string>
                <string>AbstractSequentialList</string>
                <string>AbstractSet</string>
                <string>AbstractTableModel</string>
                <string>AbstractUndoableEdit</string>
                <string>AbstractWriter</string>
                <string>AccessControlContext</string>
                <string>AccessControlException</string>
                <string>AccessController</string>
                <string>AccessException</string>
                <string>Accessible</string>
                <string>AccessibleAction</string>
                <string>AccessibleBundle</string>
                <string>AccessibleComponent</string>
                <string>AccessibleContext</string>
                <string>AccessibleHyperlink</string>
                <string>AccessibleHypertext</string>
                <string>AccessibleIcon</string>
                <string>AccessibleObject</string>
                <string>AccessibleRelation</string>
                <string>AccessibleRelationSet</string>
                <string>AccessibleResourceBundle</string>
                <string>AccessibleRole</string>
                <string>AccessibleSelection</string>
                <string>AccessibleState</string>
                <string>AccessibleStateSet</string>
                <string>AccessibleTable</string>
                <string>AccessibleTableModelChange</string>
                <string>AccessibleText</string>
                <string>AccessibleValue</string>
                <string>Acl</string>
                <string>AclEntry</string>
                <string>AclNotFoundException</string>
                <string>Action</string>
                <string>ActionEvent</string>
                <string>ActionListener</string>
                <string>ActionMap</string>
                <string>ActionMapUIResource</string>
                <string>Activatable</string>
                <string>ActivateFailedException</string>
                <string>ActivationDesc</string>
                <string>ActivationException</string>
                <string>ActivationGroup</string>
                <string>ActivationGroupDesc</string>
                <string>ActivationGroupDesc.CommandEnvironment</string>
                <string>ActivationGroupID</string>
                <string>ActivationID</string>
                <string>ActivationInstantiator</string>
                <string>ActivationMonitor</string>
                <string>ActivationSystem</string>
                <string>Activator</string>
                <string>ActiveEvent</string>
                <string>Adjustable</string>
                <string>AdjustmentEvent</string>
                <string>AdjustmentListener</string>
                <string>Adler32</string>
                <string>AffineTransform</string>
                <string>AffineTransformOp</string>
                <string>AlgorithmParameterGenerator</string>
                <string>AlgorithmParameterGeneratorSpi</string>
                <string>AlgorithmParameters</string>
                <string>AlgorithmParameterSpec</string>
                <string>AlgorithmParametersSpi</string>
                <string>AllPermission</string>
                <string>AlphaComposite</string>
                <string>AlreadyBound</string>
                <string>AlreadyBoundException</string>
                <string>AlreadyBoundHelper</string>
                <string>AlreadyBoundHolder</string>
                <string>AncestorEvent</string>
                <string>AncestorListener</string>
                <string>Annotation</string>
                <string>Any</string>
                <string>AnyHolder</string>
                <string>AnySeqHelper</string>
                <string>AnySeqHolder</string>
                <string>Applet</string>
                <string>AppletContext</string>
                <string>AppletInitializer</string>
                <string>AppletStub</string>
                <string>ApplicationException</string>
                <string>Arc2D</string>
                <string>Arc2D.Double</string>
                <string>Arc2D.Float</string>
                <string>Area</string>
                <string>AreaAveragingScaleFilter</string>
                <string>ARG_IN</string>
                <string>ARG_INOUT</string>
                <string>ARG_OUT</string>
                <string>ArithmeticException</string>
                <string>Array</string>
                <string>ArrayIndexOutOfBoundsException</string>
                <string>ArrayList</string>
                <string>Arrays</string>
                <string>ArrayStoreException</string>
                <string>AsyncBoxView</string>
                <string>Attribute</string>
                <string>AttributedCharacterIterator</string>
                <string>AttributedCharacterIterator.Attribute</string>
                <string>AttributedString</string>
                <string>AttributeInUseException</string>
                <string>AttributeList</string>
                <string>AttributeModificationException</string>
                <string>Attributes</string>
                <string>Attributes</string>
                <string>Attributes.Name</string>
                <string>AttributeSet</string>
                <string>AttributeSet.CharacterAttribute</string>
                <string>AttributeSet.ColorAttribute</string>
                <string>AttributeSet.FontAttribute</string>
                <string>AttributeSet.ParagraphAttribute</string>
                <string>AudioClip</string>
                <string>AudioFileFormat</string>
                <string>AudioFileFormat.Type</string>
                <string>AudioFileReader</string>
                <string>AudioFileWriter</string>
                <string>AudioFormat</string>
                <string>AudioFormat.Encoding</string>
                <string>AudioInputStream</string>
                <string>AudioPermission</string>
                <string>AudioSystem</string>
                <string>AuthenticationException</string>
                <string>AuthenticationNotSupportedException</string>
                <string>Authenticator</string>
                <string>Autoscroll</string>
                <string>AWTError</string>
                <string>AWTEvent</string>
                <string>AWTEventListener</string>
                <string>AWTEventMulticaster</string>
                <string>AWTException</string>
                <string>AWTPermission</string>
                <string>BAD_CONTEXT</string>
                <string>BAD_INV_ORDER</string>
                <string>BAD_OPERATION</string>
                <string>BAD_PARAM</string>
                <string>BAD_POLICY</string>
                <string>BAD_POLICY_TYPE</string>
                <string>BAD_POLICY_VALUE</string>
                <string>BAD_TYPECODE</string>
                <string>BadKind</string>
                <string>BadLocationException</string>
                <string>BandCombineOp</string>
                <string>BandedSampleModel</string>
                <string>BasicArrowButton</string>
                <string>BasicAttribute</string>
                <string>BasicAttributes</string>
                <string>BasicBorders</string>
                <string>BasicBorders.ButtonBorder</string>
                <string>BasicBorders.FieldBorder</string>
                <string>BasicBorders.MarginBorder</string>
                <string>BasicBorders.MenuBarBorder</string>
                <string>BasicBorders.RadioButtonBorder</string>
                <string>BasicBorders.SplitPaneBorder</string>
                <string>BasicBorders.ToggleButtonBorder</string>
                <string>BasicButtonListener</string>
                <string>BasicButtonUI</string>
                <string>BasicCheckBoxMenuItemUI</string>
                <string>BasicCheckBoxUI</string>
                <string>BasicColorChooserUI</string>
                <string>BasicComboBoxEditor</string>
                <string>BasicComboBoxEditor.UIResource</string>
                <string>BasicComboBoxRenderer</string>
                <string>BasicComboBoxRenderer.UIResource</string>
                <string>BasicComboBoxUI</string>
                <string>BasicComboPopup</string>
                <string>BasicDesktopIconUI</string>
                <string>BasicDesktopPaneUI</string>
                <string>BasicDirectoryModel</string>
                <string>BasicEditorPaneUI</string>
                <string>BasicFileChooserUI</string>
                <string>BasicGraphicsUtils</string>
                <string>BasicHTML</string>
                <string>BasicIconFactory</string>
                <string>BasicInternalFrameTitlePane</string>
                <string>BasicInternalFrameUI</string>
                <string>BasicLabelUI</string>
                <string>BasicListUI</string>
                <string>BasicLookAndFeel</string>
                <string>BasicMenuBarUI</string>
                <string>BasicMenuItemUI</string>
                <string>BasicMenuUI</string>
                <string>BasicOptionPaneUI</string>
                <string>BasicOptionPaneUI.ButtonAreaLayout</string>
                <string>BasicPanelUI</string>
                <string>BasicPasswordFieldUI</string>
                <string>BasicPermission</string>
                <string>BasicPopupMenuSeparatorUI</string>
                <string>BasicPopupMenuUI</string>
                <string>BasicProgressBarUI</string>
                <string>BasicRadioButtonMenuItemUI</string>
                <string>BasicRadioButtonUI</string>
                <string>BasicRootPaneUI</string>
                <string>BasicScrollBarUI</string>
                <string>BasicScrollPaneUI</string>
                <string>BasicSeparatorUI</string>
                <string>BasicSliderUI</string>
                <string>BasicSplitPaneDivider</string>
                <string>BasicSplitPaneUI</string>
                <string>BasicStroke</string>
                <string>BasicTabbedPaneUI</string>
                <string>BasicTableHeaderUI</string>
                <string>BasicTableUI</string>
                <string>BasicTextAreaUI</string>
                <string>BasicTextFieldUI</string>
                <string>BasicTextPaneUI</string>
                <string>BasicTextUI</string>
                <string>BasicTextUI.BasicCaret</string>
                <string>BasicTextUI.BasicHighlighter</string>
                <string>BasicToggleButtonUI</string>
                <string>BasicToolBarSeparatorUI</string>
                <string>BasicToolBarUI</string>
                <string>BasicToolTipUI</string>
                <string>BasicTreeUI</string>
                <string>BasicViewportUI</string>
                <string>BatchUpdateException</string>
                <string>BeanContext</string>
                <string>BeanContextChild</string>
                <string>BeanContextChildComponentProxy</string>
                <string>BeanContextChildSupport</string>
                <string>BeanContextContainerProxy</string>
                <string>BeanContextEvent</string>
                <string>BeanContextMembershipEvent</string>
                <string>BeanContextMembershipListener</string>
                <string>BeanContextProxy</string>
                <string>BeanContextServiceAvailableEvent</string>
                <string>BeanContextServiceProvider</string>
                <string>BeanContextServiceProviderBeanInfo</string>
                <string>BeanContextServiceRevokedEvent</string>
                <string>BeanContextServiceRevokedListener</string>
                <string>BeanContextServices</string>
                <string>BeanContextServicesListener</string>
                <string>BeanContextServicesSupport</string>
                <string>BeanContextServicesSupport.BCSSServiceProvider</string>
                <string>BeanContextSupport</string>
                <string>BeanContextSupport.BCSIterator</string>
                <string>BeanDescriptor</string>
                <string>BeanInfo</string>
                <string>Beans</string>
                <string>BevelBorder</string>
                <string>BigDecimal</string>
                <string>BigInteger</string>
                <string>BinaryRefAddr</string>
                <string>BindException</string>
                <string>Binding</string>
                <string>Binding</string>
                <string>BindingHelper</string>
                <string>BindingHolder</string>
                <string>BindingIterator</string>
                <string>BindingIteratorHelper</string>
                <string>BindingIteratorHolder</string>
                <string>BindingIteratorOperations</string>
                <string>BindingListHelper</string>
                <string>BindingListHolder</string>
                <string>BindingType</string>
                <string>BindingTypeHelper</string>
                <string>BindingTypeHolder</string>
                <string>BitSet</string>
                <string>Blob</string>
                <string>BlockView</string>
                <string>Book</string>
                <string>Boolean</string>
                <string>BooleanControl</string>
                <string>BooleanControl.Type</string>
                <string>BooleanHolder</string>
                <string>BooleanSeqHelper</string>
                <string>BooleanSeqHolder</string>
                <string>Border</string>
                <string>BorderFactory</string>
                <string>BorderLayout</string>
                <string>BorderUIResource</string>
                <string>BorderUIResource.BevelBorderUIResource</string>
                <string>BorderUIResource.CompoundBorderUIResource</string>
                <string>BorderUIResource.EmptyBorderUIResource</string>
                <string>BorderUIResource.EtchedBorderUIResource</string>
                <string>BorderUIResource.LineBorderUIResource</string>
                <string>BorderUIResource.MatteBorderUIResource</string>
                <string>BorderUIResource.TitledBorderUIResource</string>
                <string>BoundedRangeModel</string>
                <string>Bounds</string>
                <string>Box</string>
                <string>Box.Filler</string>
                <string>BoxedValueHelper</string>
                <string>BoxLayout</string>
                <string>BoxView</string>
                <string>BreakIterator</string>
                <string>BufferedImage</string>
                <string>BufferedImageFilter</string>
                <string>BufferedImageOp</string>
                <string>BufferedInputStream</string>
                <string>BufferedOutputStream</string>
                <string>BufferedReader</string>
                <string>BufferedWriter</string>
                <string>Button</string>
                <string>ButtonGroup</string>
                <string>ButtonModel</string>
                <string>ButtonUI</string>
                <string>Byte</string>
                <string>ByteArrayInputStream</string>
                <string>ByteArrayOutputStream</string>
                <string>ByteHolder</string>
                <string>ByteLookupTable</string>
                <string>Calendar</string>
                <string>CallableStatement</string>
                <string>CannotProceed</string>
                <string>CannotProceedException</string>
                <string>CannotProceedHelper</string>
                <string>CannotProceedHolder</string>
                <string>CannotRedoException</string>
                <string>CannotUndoException</string>
                <string>Canvas</string>
                <string>CardLayout</string>
                <string>Caret</string>
                <string>CaretEvent</string>
                <string>CaretListener</string>
                <string>CellEditor</string>
                <string>CellEditorListener</string>
                <string>CellRendererPane</string>
                <string>Certificate</string>
                <string>Certificate</string>
                <string>Certificate.CertificateRep</string>
                <string>CertificateEncodingException</string>
                <string>CertificateException</string>
                <string>CertificateExpiredException</string>
                <string>CertificateFactory</string>
                <string>CertificateFactorySpi</string>
                <string>CertificateNotYetValidException</string>
                <string>CertificateParsingException</string>
                <string>ChangedCharSetException</string>
                <string>ChangeEvent</string>
                <string>ChangeListener</string>
                <string>Character</string>
                <string>Character.Subset</string>
                <string>Character.UnicodeBlock</string>
                <string>CharacterIterator</string>
                <string>CharArrayReader</string>
                <string>CharArrayWriter</string>
                <string>CharConversionException</string>
                <string>CharHolder</string>
                <string>CharSeqHelper</string>
                <string>CharSeqHolder</string>
                <string>Checkbox</string>
                <string>CheckboxGroup</string>
                <string>CheckboxMenuItem</string>
                <string>CheckedInputStream</string>
                <string>CheckedOutputStream</string>
                <string>Checksum</string>
                <string>Choice</string>
                <string>ChoiceFormat</string>
                <string>Class</string>
                <string>ClassCastException</string>
                <string>ClassCircularityError</string>
                <string>ClassDesc</string>
                <string>ClassFormatError</string>
                <string>ClassLoader</string>
                <string>ClassNotFoundException</string>
                <string>Clip</string>
                <string>Clipboard</string>
                <string>ClipboardOwner</string>
                <string>Clob</string>
                <string>Cloneable</string>
                <string>CloneNotSupportedException</string>
                <string>CMMException</string>
                <string>CodeSource</string>
                <string>CollationElementIterator</string>
                <string>CollationKey</string>
                <string>Collator</string>
                <string>Collection</string>
                <string>Collections</string>
                <string>Color</string>
                <string>ColorChooserComponentFactory</string>
                <string>ColorChooserUI</string>
                <string>ColorConvertOp</string>
                <string>ColorModel</string>
                <string>ColorSelectionModel</string>
                <string>ColorSpace</string>
                <string>ColorUIResource</string>
                <string>ComboBoxEditor</string>
                <string>ComboBoxModel</string>
                <string>ComboBoxUI</string>
                <string>ComboPopup</string>
                <string>COMM_FAILURE</string>
                <string>CommunicationException</string>
                <string>Comparable</string>
                <string>Comparator</string>
                <string>Compiler</string>
                <string>CompletionStatus</string>
                <string>CompletionStatusHelper</string>
                <string>Component</string>
                <string>ComponentAdapter</string>
                <string>ComponentColorModel</string>
                <string>ComponentEvent</string>
                <string>ComponentInputMap</string>
                <string>ComponentInputMapUIResource</string>
                <string>ComponentListener</string>
                <string>ComponentOrientation</string>
                <string>ComponentSampleModel</string>
                <string>ComponentUI</string>
                <string>ComponentView</string>
                <string>Composite</string>
                <string>CompositeContext</string>
                <string>CompositeName</string>
                <string>CompositeView</string>
                <string>CompoundBorder</string>
                <string>CompoundControl</string>
                <string>CompoundControl.Type</string>
                <string>CompoundEdit</string>
                <string>CompoundName</string>
                <string>ConcurrentModificationException</string>
                <string>ConfigurationException</string>
                <string>ConnectException</string>
                <string>ConnectException</string>
                <string>ConnectIOException</string>
                <string>Connection</string>
                <string>Constructor</string>
                <string>Container</string>
                <string>ContainerAdapter</string>
                <string>ContainerEvent</string>
                <string>ContainerListener</string>
                <string>ContentHandler</string>
                <string>ContentHandlerFactory</string>
                <string>ContentModel</string>
                <string>Context</string>
                <string>Context</string>
                <string>ContextList</string>
                <string>ContextNotEmptyException</string>
                <string>ContextualRenderedImageFactory</string>
                <string>Control</string>
                <string>Control</string>
                <string>Control.Type</string>
                <string>ControlFactory</string>
                <string>ControllerEventListener</string>
                <string>ConvolveOp</string>
                <string>CRC32</string>
                <string>CRL</string>
                <string>CRLException</string>
                <string>CropImageFilter</string>
                <string>CSS</string>
                <string>CSS.Attribute</string>
                <string>CTX_RESTRICT_SCOPE</string>
                <string>CubicCurve2D</string>
                <string>CubicCurve2D.Double</string>
                <string>CubicCurve2D.Float</string>
                <string>Current</string>
                <string>CurrentHelper</string>
                <string>CurrentHolder</string>
                <string>CurrentOperations</string>
                <string>Cursor</string>
                <string>Customizer</string>
                <string>CustomMarshal</string>
                <string>CustomValue</string>
                <string>DATA_CONVERSION</string>
                <string>DatabaseMetaData</string>
                <string>DataBuffer</string>
                <string>DataBufferByte</string>
                <string>DataBufferInt</string>
                <string>DataBufferShort</string>
                <string>DataBufferUShort</string>
                <string>DataFlavor</string>
                <string>DataFormatException</string>
                <string>DatagramPacket</string>
                <string>DatagramSocket</string>
                <string>DatagramSocketImpl</string>
                <string>DatagramSocketImplFactory</string>
                <string>DataInput</string>
                <string>DataInputStream</string>
                <string>DataInputStream</string>
                <string>DataLine</string>
                <string>DataLine.Info</string>
                <string>DataOutput</string>
                <string>DataOutputStream</string>
                <string>DataOutputStream</string>
                <string>DataTruncation</string>
                <string>Date</string>
                <string>DateFormat</string>
                <string>DateFormatSymbols</string>
                <string>DebugGraphics</string>
                <string>DecimalFormat</string>
                <string>DecimalFormatSymbols</string>
                <string>DefaultBoundedRangeModel</string>
                <string>DefaultButtonModel</string>
                <string>DefaultCaret</string>
                <string>DefaultCellEditor</string>
                <string>DefaultColorSelectionModel</string>
                <string>DefaultComboBoxModel</string>
                <string>DefaultDesktopManager</string>
                <string>DefaultEditorKit</string>
                <string>DefaultEditorKit.BeepAction</string>
                <string>DefaultEditorKit.CopyAction</string>
                <string>DefaultEditorKit.CutAction</string>
                <string>DefaultEditorKit.DefaultKeyTypedAction</string>
                <string>DefaultEditorKit.InsertBreakAction</string>
                <string>DefaultEditorKit.InsertContentAction</string>
                <string>DefaultEditorKit.InsertTabAction</string>
                <string>DefaultEditorKit.PasteAction</string>
                <string>DefaultFocusManager</string>
                <string>DefaultHighlighter</string>
                <string>DefaultHighlighter.DefaultHighlightPainter</string>
                <string>DefaultListCellRenderer</string>
                <string>DefaultListCellRenderer.UIResource</string>
                <string>DefaultListModel</string>
                <string>DefaultListSelectionModel</string>
                <string>DefaultMenuLayout</string>
                <string>DefaultMetalTheme</string>
                <string>DefaultMutableTreeNode</string>
                <string>DefaultSingleSelectionModel</string>
                <string>DefaultStyledDocument</string>
                <string>DefaultStyledDocument.AttributeUndoableEdit</string>
                <string>DefaultStyledDocument.ElementSpec</string>
                <string>DefaultTableCellRenderer</string>
                <string>DefaultTableCellRenderer.UIResource</string>
                <string>DefaultTableColumnModel</string>
                <string>DefaultTableModel</string>
                <string>DefaultTextUI</string>
                <string>DefaultTreeCellEditor</string>
                <string>DefaultTreeCellRenderer</string>
                <string>DefaultTreeModel</string>
                <string>DefaultTreeSelectionModel</string>
                <string>DefinitionKind</string>
                <string>DefinitionKindHelper</string>
                <string>Deflater</string>
                <string>DeflaterOutputStream</string>
                <string>Delegate</string>
                <string>DesignMode</string>
                <string>DesktopIconUI</string>
                <string>DesktopManager</string>
                <string>DesktopPaneUI</string>
                <string>DGC</string>
                <string>Dialog</string>
                <string>Dictionary</string>
                <string>DigestException</string>
                <string>DigestInputStream</string>
                <string>DigestOutputStream</string>
                <string>Dimension</string>
                <string>Dimension2D</string>
                <string>DimensionUIResource</string>
                <string>DirContext</string>
                <string>DirectColorModel</string>
                <string>DirectoryManager</string>
                <string>DirObjectFactory</string>
                <string>DirStateFactory</string>
                <string>DirStateFactory.Result</string>
                <string>DnDConstants</string>
                <string>Document</string>
                <string>DocumentEvent</string>
                <string>DocumentEvent.ElementChange</string>
                <string>DocumentEvent.EventType</string>
                <string>DocumentListener</string>
                <string>DocumentParser</string>
                <string>DomainCombiner</string>
                <string>DomainManager</string>
                <string>DomainManagerOperations</string>
                <string>Double</string>
                <string>DoubleHolder</string>
                <string>DoubleSeqHelper</string>
                <string>DoubleSeqHolder</string>
                <string>DragGestureEvent</string>
                <string>DragGestureListener</string>
                <string>DragGestureRecognizer</string>
                <string>DragSource</string>
                <string>DragSourceContext</string>
                <string>DragSourceDragEvent</string>
                <string>DragSourceDropEvent</string>
                <string>DragSourceEvent</string>
                <string>DragSourceListener</string>
                <string>Driver</string>
                <string>DriverManager</string>
                <string>DriverPropertyInfo</string>
                <string>DropTarget</string>
                <string>DropTarget.DropTargetAutoScroller</string>
                <string>DropTargetContext</string>
                <string>DropTargetDragEvent</string>
                <string>DropTargetDropEvent</string>
                <string>DropTargetEvent</string>
                <string>DropTargetListener</string>
                <string>DSAKey</string>
                <string>DSAKeyPairGenerator</string>
                <string>DSAParameterSpec</string>
                <string>DSAParams</string>
                <string>DSAPrivateKey</string>
                <string>DSAPrivateKeySpec</string>
                <string>DSAPublicKey</string>
                <string>DSAPublicKeySpec</string>
                <string>DTD</string>
                <string>DTDConstants</string>
                <string>DynamicImplementation</string>
                <string>DynAny</string>
                <string>DynArray</string>
                <string>DynEnum</string>
                <string>DynFixed</string>
                <string>DynSequence</string>
                <string>DynStruct</string>
                <string>DynUnion</string>
                <string>DynValue</string>
                <string>EditorKit</string>
                <string>Element</string>
                <string>ElementIterator</string>
                <string>Ellipse2D</string>
                <string>Ellipse2D.Double</string>
                <string>Ellipse2D.Float</string>
                <string>EmptyBorder</string>
                <string>EmptyStackException</string>
                <string>EncodedKeySpec</string>
                <string>Entity</string>
                <string>EnumControl</string>
                <string>EnumControl.Type</string>
                <string>Enumeration</string>
                <string>Environment</string>
                <string>EOFException</string>
                <string>Error</string>
                <string>EtchedBorder</string>
                <string>Event</string>
                <string>EventContext</string>
                <string>EventDirContext</string>
                <string>EventListener</string>
                <string>EventListenerList</string>
                <string>EventObject</string>
                <string>EventQueue</string>
                <string>EventSetDescriptor</string>
                <string>Exception</string>
                <string>ExceptionInInitializerError</string>
                <string>ExceptionList</string>
                <string>ExpandVetoException</string>
                <string>ExportException</string>
                <string>ExtendedRequest</string>
                <string>ExtendedResponse</string>
                <string>Externalizable</string>
                <string>FeatureDescriptor</string>
                <string>Field</string>
                <string>FieldNameHelper</string>
                <string>FieldPosition</string>
                <string>FieldView</string>
                <string>File</string>
                <string>FileChooserUI</string>
                <string>FileDescriptor</string>
                <string>FileDialog</string>
                <string>FileFilter</string>
                <string>FileFilter</string>
                <string>FileInputStream</string>
                <string>FilenameFilter</string>
                <string>FileNameMap</string>
                <string>FileNotFoundException</string>
                <string>FileOutputStream</string>
                <string>FilePermission</string>
                <string>FileReader</string>
                <string>FileSystemView</string>
                <string>FileView</string>
                <string>FileWriter</string>
                <string>FilteredImageSource</string>
                <string>FilterInputStream</string>
                <string>FilterOutputStream</string>
                <string>FilterReader</string>
                <string>FilterWriter</string>
                <string>FixedHeightLayoutCache</string>
                <string>FixedHolder</string>
                <string>FlatteningPathIterator</string>
                <string>FlavorMap</string>
                <string>Float</string>
                <string>FloatControl</string>
                <string>FloatControl.Type</string>
                <string>FloatHolder</string>
                <string>FloatSeqHelper</string>
                <string>FloatSeqHolder</string>
                <string>FlowLayout</string>
                <string>FlowView</string>
                <string>FlowView.FlowStrategy</string>
                <string>FocusAdapter</string>
                <string>FocusEvent</string>
                <string>FocusListener</string>
                <string>FocusManager</string>
                <string>Font</string>
                <string>FontFormatException</string>
                <string>FontMetrics</string>
                <string>FontRenderContext</string>
                <string>FontUIResource</string>
                <string>Format</string>
                <string>FormatConversionProvider</string>
                <string>FormView</string>
                <string>Frame</string>
                <string>FREE_MEM</string>
                <string>GapContent</string>
                <string>GeneralPath</string>
                <string>GeneralSecurityException</string>
                <string>GlyphJustificationInfo</string>
                <string>GlyphMetrics</string>
                <string>GlyphVector</string>
                <string>GlyphView</string>
                <string>GlyphView.GlyphPainter</string>
                <string>GradientPaint</string>
                <string>GraphicAttribute</string>
                <string>Graphics</string>
                <string>Graphics2D</string>
                <string>GraphicsConfigTemplate</string>
                <string>GraphicsConfiguration</string>
                <string>GraphicsDevice</string>
                <string>GraphicsEnvironment</string>
                <string>GrayFilter</string>
                <string>GregorianCalendar</string>
                <string>GridBagConstraints</string>
                <string>GridBagLayout</string>
                <string>GridLayout</string>
                <string>Group</string>
                <string>Guard</string>
                <string>GuardedObject</string>
                <string>GZIPInputStream</string>
                <string>GZIPOutputStream</string>
                <string>HasControls</string>
                <string>HashMap</string>
                <string>HashSet</string>
                <string>Hashtable</string>
                <string>HierarchyBoundsAdapter</string>
                <string>HierarchyBoundsListener</string>
                <string>HierarchyEvent</string>
                <string>HierarchyListener</string>
                <string>Highlighter</string>
                <string>Highlighter.Highlight</string>
                <string>Highlighter.HighlightPainter</string>
                <string>HTML</string>
                <string>HTML.Attribute</string>
                <string>HTML.Tag</string>
                <string>HTML.UnknownTag</string>
                <string>HTMLDocument</string>
                <string>HTMLDocument.Iterator</string>
                <string>HTMLEditorKit</string>
                <string>HTMLEditorKit.HTMLFactory</string>
                <string>HTMLEditorKit.HTMLTextAction</string>
                <string>HTMLEditorKit.InsertHTMLTextAction</string>
                <string>HTMLEditorKit.LinkController</string>
                <string>HTMLEditorKit.Parser</string>
                <string>HTMLEditorKit.ParserCallback</string>
                <string>HTMLFrameHyperlinkEvent</string>
                <string>HTMLWriter</string>
                <string>HttpURLConnection</string>
                <string>HyperlinkEvent</string>
                <string>HyperlinkEvent.EventType</string>
                <string>HyperlinkListener</string>
                <string>ICC_ColorSpace</string>
                <string>ICC_Profile</string>
                <string>ICC_ProfileGray</string>
                <string>ICC_ProfileRGB</string>
                <string>Icon</string>
                <string>IconUIResource</string>
                <string>IconView</string>
                <string>IdentifierHelper</string>
                <string>Identity</string>
                <string>IdentityScope</string>
                <string>IDLEntity</string>
                <string>IDLType</string>
                <string>IDLTypeHelper</string>
                <string>IDLTypeOperations</string>
                <string>IllegalAccessError</string>
                <string>IllegalAccessException</string>
                <string>IllegalArgumentException</string>
                <string>IllegalComponentStateException</string>
                <string>IllegalMonitorStateException</string>
                <string>IllegalPathStateException</string>
                <string>IllegalStateException</string>
                <string>IllegalThreadStateException</string>
                <string>Image</string>
                <string>ImageConsumer</string>
                <string>ImageFilter</string>
                <string>ImageGraphicAttribute</string>
                <string>ImageIcon</string>
                <string>ImageObserver</string>
                <string>ImageProducer</string>
                <string>ImagingOpException</string>
                <string>IMP_LIMIT</string>
                <string>IncompatibleClassChangeError</string>
                <string>InconsistentTypeCode</string>
                <string>IndexColorModel</string>
                <string>IndexedPropertyDescriptor</string>
                <string>IndexOutOfBoundsException</string>
                <string>IndirectionException</string>
                <string>InetAddress</string>
                <string>Inflater</string>
                <string>InflaterInputStream</string>
                <string>InheritableThreadLocal</string>
                <string>InitialContext</string>
                <string>InitialContextFactory</string>
                <string>InitialContextFactoryBuilder</string>
                <string>InitialDirContext</string>
                <string>INITIALIZE</string>
                <string>Initializer</string>
                <string>InitialLdapContext</string>
                <string>InlineView</string>
                <string>InputContext</string>
                <string>InputEvent</string>
                <string>InputMap</string>
                <string>InputMapUIResource</string>
                <string>InputMethod</string>
                <string>InputMethodContext</string>
                <string>InputMethodDescriptor</string>
                <string>InputMethodEvent</string>
                <string>InputMethodHighlight</string>
                <string>InputMethodListener</string>
                <string>InputMethodRequests</string>
                <string>InputStream</string>
                <string>InputStreamReader</string>
                <string>InputSubset</string>
                <string>InputVerifier</string>
                <string>Insets</string>
                <string>InsetsUIResource</string>
                <string>InstantiationError</string>
                <string>InstantiationException</string>
                <string>Instrument</string>
                <string>InsufficientResourcesException</string>
                <string>Integer</string>
                <string>INTERNAL</string>
                <string>InternalError</string>
                <string>InternalFrameAdapter</string>
                <string>InternalFrameEvent</string>
                <string>InternalFrameListener</string>
                <string>InternalFrameUI</string>
                <string>InterruptedException</string>
                <string>InterruptedIOException</string>
                <string>InterruptedNamingException</string>
                <string>INTF_REPOS</string>
                <string>IntHolder</string>
                <string>IntrospectionException</string>
                <string>Introspector</string>
                <string>INV_FLAG</string>
                <string>INV_IDENT</string>
                <string>INV_OBJREF</string>
                <string>INV_POLICY</string>
                <string>Invalid</string>
                <string>INVALID_TRANSACTION</string>
                <string>InvalidAlgorithmParameterException</string>
                <string>InvalidAttributeIdentifierException</string>
                <string>InvalidAttributesException</string>
                <string>InvalidAttributeValueException</string>
                <string>InvalidClassException</string>
                <string>InvalidDnDOperationException</string>
                <string>InvalidKeyException</string>
                <string>InvalidKeySpecException</string>
                <string>InvalidMidiDataException</string>
                <string>InvalidName</string>
                <string>InvalidNameException</string>
                <string>InvalidNameHelper</string>
                <string>InvalidNameHolder</string>
                <string>InvalidObjectException</string>
                <string>InvalidParameterException</string>
                <string>InvalidParameterSpecException</string>
                <string>InvalidSearchControlsException</string>
                <string>InvalidSearchFilterException</string>
                <string>InvalidSeq</string>
                <string>InvalidTransactionException</string>
                <string>InvalidValue</string>
                <string>InvocationEvent</string>
                <string>InvocationHandler</string>
                <string>InvocationTargetException</string>
                <string>InvokeHandler</string>
                <string>IOException</string>
                <string>IRObject</string>
                <string>IRObjectOperations</string>
                <string>IstringHelper</string>
                <string>ItemEvent</string>
                <string>ItemListener</string>
                <string>ItemSelectable</string>
                <string>Iterator</string>
                <string>JApplet</string>
                <string>JarEntry</string>
                <string>JarException</string>
                <string>JarFile</string>
                <string>JarInputStream</string>
                <string>JarOutputStream</string>
                <string>JarURLConnection</string>
                <string>JButton</string>
                <string>JCheckBox</string>
                <string>JCheckBoxMenuItem</string>
                <string>JColorChooser</string>
                <string>JComboBox</string>
                <string>JComboBox.KeySelectionManager</string>
                <string>JComponent</string>
                <string>JDesktopPane</string>
                <string>JDialog</string>
                <string>JEditorPane</string>
                <string>JFileChooser</string>
                <string>JFrame</string>
                <string>JInternalFrame</string>
                <string>JInternalFrame.JDesktopIcon</string>
                <string>JLabel</string>
                <string>JLayeredPane</string>
                <string>JList</string>
                <string>JMenu</string>
                <string>JMenuBar</string>
                <string>JMenuItem</string>
                <string>JobAttributes</string>
                <string>JobAttributes.DefaultSelectionType</string>
                <string>JobAttributes.DestinationType</string>
                <string>JobAttributes.DialogType</string>
                <string>JobAttributes.MultipleDocumentHandlingType</string>
                <string>JobAttributes.SidesType</string>
                <string>JOptionPane</string>
                <string>JPanel</string>
                <string>JPasswordField</string>
                <string>JPopupMenu</string>
                <string>JPopupMenu.Separator</string>
                <string>JProgressBar</string>
                <string>JRadioButton</string>
                <string>JRadioButtonMenuItem</string>
                <string>JRootPane</string>
                <string>JScrollBar</string>
                <string>JScrollPane</string>
                <string>JSeparator</string>
                <string>JSlider</string>
                <string>JSplitPane</string>
                <string>JTabbedPane</string>
                <string>JTable</string>
                <string>JTableHeader</string>
                <string>JTextArea</string>
                <string>JTextComponent</string>
                <string>JTextComponent.KeyBinding</string>
                <string>JTextField</string>
                <string>JTextPane</string>
                <string>JToggleButton</string>
                <string>JToggleButton.ToggleButtonModel</string>
                <string>JToolBar</string>
                <string>JToolBar.Separator</string>
                <string>JToolTip</string>
                <string>JTree</string>
                <string>JTree.DynamicUtilTreeNode</string>
                <string>JTree.EmptySelectionModel</string>
                <string>JViewport</string>
                <string>JWindow</string>
                <string>Kernel</string>
                <string>Key</string>
                <string>KeyAdapter</string>
                <string>KeyEvent</string>
                <string>KeyException</string>
                <string>KeyFactory</string>
                <string>KeyFactorySpi</string>
                <string>KeyListener</string>
                <string>KeyManagementException</string>
                <string>Keymap</string>
                <string>KeyPair</string>
                <string>KeyPairGenerator</string>
                <string>KeyPairGeneratorSpi</string>
                <string>KeySpec</string>
                <string>KeyStore</string>
                <string>KeyStoreException</string>
                <string>KeyStoreSpi</string>
                <string>KeyStroke</string>
                <string>Label</string>
                <string>LabelUI</string>
                <string>LabelView</string>
                <string>LastOwnerException</string>
                <string>LayeredHighlighter</string>
                <string>LayeredHighlighter.LayerPainter</string>
                <string>LayoutManager</string>
                <string>LayoutManager2</string>
                <string>LayoutQueue</string>
                <string>LdapContext</string>
                <string>LdapReferralException</string>
                <string>Lease</string>
                <string>LimitExceededException</string>
                <string>Line</string>
                <string>Line.Info</string>
                <string>Line2D</string>
                <string>Line2D.Double</string>
                <string>Line2D.Float</string>
                <string>LineBorder</string>
                <string>LineBreakMeasurer</string>
                <string>LineEvent</string>
                <string>LineEvent.Type</string>
                <string>LineListener</string>
                <string>LineMetrics</string>
                <string>LineNumberInputStream</string>
                <string>LineNumberReader</string>
                <string>LineUnavailableException</string>
                <string>LinkageError</string>
                <string>LinkedList</string>
                <string>LinkException</string>
                <string>LinkLoopException</string>
                <string>LinkRef</string>
                <string>List</string>
                <string>ListCellRenderer</string>
                <string>ListDataEvent</string>
                <string>ListDataListener</string>
                <string>ListIterator</string>
                <string>ListModel</string>
                <string>ListResourceBundle</string>
                <string>ListSelectionEvent</string>
                <string>ListSelectionListener</string>
                <string>ListSelectionModel</string>
                <string>ListUI</string>
                <string>ListView</string>
                <string>LoaderHandler</string>
                <string>Locale</string>
                <string>LocateRegistry</string>
                <string>LogStream</string>
                <string>Long</string>
                <string>LongHolder</string>
                <string>LongLongSeqHelper</string>
                <string>LongLongSeqHolder</string>
                <string>LongSeqHelper</string>
                <string>LongSeqHolder</string>
                <string>LookAndFeel</string>
                <string>LookupOp</string>
                <string>LookupTable</string>
                <string>MalformedLinkException</string>
                <string>MalformedURLException</string>
                <string>Manifest</string>
                <string>Map</string>
                <string>Map.Entry</string>
                <string>MARSHAL</string>
                <string>MarshalException</string>
                <string>MarshalledObject</string>
                <string>Math</string>
                <string>MatteBorder</string>
                <string>MediaTracker</string>
                <string>Member</string>
                <string>MemoryImageSource</string>
                <string>Menu</string>
                <string>MenuBar</string>
                <string>MenuBarUI</string>
                <string>MenuComponent</string>
                <string>MenuContainer</string>
                <string>MenuDragMouseEvent</string>
                <string>MenuDragMouseListener</string>
                <string>MenuElement</string>
                <string>MenuEvent</string>
                <string>MenuItem</string>
                <string>MenuItemUI</string>
                <string>MenuKeyEvent</string>
                <string>MenuKeyListener</string>
                <string>MenuListener</string>
                <string>MenuSelectionManager</string>
                <string>MenuShortcut</string>
                <string>MessageDigest</string>
                <string>MessageDigestSpi</string>
                <string>MessageFormat</string>
                <string>MetaEventListener</string>
                <string>MetalBorders</string>
                <string>MetalBorders.ButtonBorder</string>
                <string>MetalBorders.Flush3DBorder</string>
                <string>MetalBorders.InternalFrameBorder</string>
                <string>MetalBorders.MenuBarBorder</string>
                <string>MetalBorders.MenuItemBorder</string>
                <string>MetalBorders.OptionDialogBorder</string>
                <string>MetalBorders.PaletteBorder</string>
                <string>MetalBorders.PopupMenuBorder</string>
                <string>MetalBorders.RolloverButtonBorder</string>
                <string>MetalBorders.ScrollPaneBorder</string>
                <string>MetalBorders.TableHeaderBorder</string>
                <string>MetalBorders.TextFieldBorder</string>
                <string>MetalBorders.ToggleButtonBorder</string>
                <string>MetalBorders.ToolBarBorder</string>
                <string>MetalButtonUI</string>
                <string>MetalCheckBoxIcon</string>
                <string>MetalCheckBoxUI</string>
                <string>MetalComboBoxButton</string>
                <string>MetalComboBoxEditor</string>
                <string>MetalComboBoxEditor.UIResource</string>
                <string>MetalComboBoxIcon</string>
                <string>MetalComboBoxUI</string>
                <string>MetalDesktopIconUI</string>
                <string>MetalFileChooserUI</string>
                <string>MetalIconFactory</string>
                <string>MetalIconFactory.FileIcon16</string>
                <string>MetalIconFactory.FolderIcon16</string>
                <string>MetalIconFactory.PaletteCloseIcon</string>
                <string>MetalIconFactory.TreeControlIcon</string>
                <string>MetalIconFactory.TreeFolderIcon</string>
                <string>MetalIconFactory.TreeLeafIcon</string>
                <string>MetalInternalFrameTitlePane</string>
                <string>MetalInternalFrameUI</string>
                <string>MetalLabelUI</string>
                <string>MetalLookAndFeel</string>
                <string>MetalPopupMenuSeparatorUI</string>
                <string>MetalProgressBarUI</string>
                <string>MetalRadioButtonUI</string>
                <string>MetalScrollBarUI</string>
                <string>MetalScrollButton</string>
                <string>MetalScrollPaneUI</string>
                <string>MetalSeparatorUI</string>
                <string>MetalSliderUI</string>
                <string>MetalSplitPaneUI</string>
                <string>MetalTabbedPaneUI</string>
                <string>MetalTextFieldUI</string>
                <string>MetalTheme</string>
                <string>MetalToggleButtonUI</string>
                <string>MetalToolBarUI</string>
                <string>MetalToolTipUI</string>
                <string>MetalTreeUI</string>
                <string>MetaMessage</string>
                <string>Method</string>
                <string>MethodDescriptor</string>
                <string>MidiChannel</string>
                <string>MidiDevice</string>
                <string>MidiDevice.Info</string>
                <string>MidiDeviceProvider</string>
                <string>MidiEvent</string>
                <string>MidiFileFormat</string>
                <string>MidiFileReader</string>
                <string>MidiFileWriter</string>
                <string>MidiMessage</string>
                <string>MidiSystem</string>
                <string>MidiUnavailableException</string>
                <string>MimeTypeParseException</string>
                <string>MinimalHTMLWriter</string>
                <string>MissingResourceException</string>
                <string>Mixer</string>
                <string>Mixer.Info</string>
                <string>MixerProvider</string>
                <string>ModificationItem</string>
                <string>Modifier</string>
                <string>MouseAdapter</string>
                <string>MouseDragGestureRecognizer</string>
                <string>MouseEvent</string>
                <string>MouseInputAdapter</string>
                <string>MouseInputListener</string>
                <string>MouseListener</string>
                <string>MouseMotionAdapter</string>
                <string>MouseMotionListener</string>
                <string>MultiButtonUI</string>
                <string>MulticastSocket</string>
                <string>MultiColorChooserUI</string>
                <string>MultiComboBoxUI</string>
                <string>MultiDesktopIconUI</string>
                <string>MultiDesktopPaneUI</string>
                <string>MultiFileChooserUI</string>
                <string>MultiInternalFrameUI</string>
                <string>MultiLabelUI</string>
                <string>MultiListUI</string>
                <string>MultiLookAndFeel</string>
                <string>MultiMenuBarUI</string>
                <string>MultiMenuItemUI</string>
                <string>MultiOptionPaneUI</string>
                <string>MultiPanelUI</string>
                <string>MultiPixelPackedSampleModel</string>
                <string>MultipleMaster</string>
                <string>MultiPopupMenuUI</string>
                <string>MultiProgressBarUI</string>
                <string>MultiScrollBarUI</string>
                <string>MultiScrollPaneUI</string>
                <string>MultiSeparatorUI</string>
                <string>MultiSliderUI</string>
                <string>MultiSplitPaneUI</string>
                <string>MultiTabbedPaneUI</string>
                <string>MultiTableHeaderUI</string>
                <string>MultiTableUI</string>
                <string>MultiTextUI</string>
                <string>MultiToolBarUI</string>
                <string>MultiToolTipUI</string>
                <string>MultiTreeUI</string>
                <string>MultiViewportUI</string>
                <string>MutableAttributeSet</string>
                <string>MutableComboBoxModel</string>
                <string>MutableTreeNode</string>
                <string>Name</string>
                <string>NameAlreadyBoundException</string>
                <string>NameClassPair</string>
                <string>NameComponent</string>
                <string>NameComponentHelper</string>
                <string>NameComponentHolder</string>
                <string>NamedValue</string>
                <string>NameHelper</string>
                <string>NameHolder</string>
                <string>NameNotFoundException</string>
                <string>NameParser</string>
                <string>NamespaceChangeListener</string>
                <string>NameValuePair</string>
                <string>NameValuePairHelper</string>
                <string>Naming</string>
                <string>NamingContext</string>
                <string>NamingContextHelper</string>
                <string>NamingContextHolder</string>
                <string>NamingContextOperations</string>
                <string>NamingEnumeration</string>
                <string>NamingEvent</string>
                <string>NamingException</string>
                <string>NamingExceptionEvent</string>
                <string>NamingListener</string>
                <string>NamingManager</string>
                <string>NamingSecurityException</string>
                <string>NegativeArraySizeException</string>
                <string>NetPermission</string>
                <string>NO_IMPLEMENT</string>
                <string>NO_MEMORY</string>
                <string>NO_PERMISSION</string>
                <string>NO_RESOURCES</string>
                <string>NO_RESPONSE</string>
                <string>NoClassDefFoundError</string>
                <string>NoInitialContextException</string>
                <string>NoninvertibleTransformException</string>
                <string>NoPermissionException</string>
                <string>NoRouteToHostException</string>
                <string>NoSuchAlgorithmException</string>
                <string>NoSuchAttributeException</string>
                <string>NoSuchElementException</string>
                <string>NoSuchFieldError</string>
                <string>NoSuchFieldException</string>
                <string>NoSuchMethodError</string>
                <string>NoSuchMethodException</string>
                <string>NoSuchObjectException</string>
                <string>NoSuchProviderException</string>
                <string>NotActiveException</string>
                <string>NotBoundException</string>
                <string>NotContextException</string>
                <string>NotEmpty</string>
                <string>NotEmptyHelper</string>
                <string>NotEmptyHolder</string>
                <string>NotFound</string>
                <string>NotFoundHelper</string>
                <string>NotFoundHolder</string>
                <string>NotFoundReason</string>
                <string>NotFoundReasonHelper</string>
                <string>NotFoundReasonHolder</string>
                <string>NotOwnerException</string>
                <string>NotSerializableException</string>
                <string>NullPointerException</string>
                <string>Number</string>
                <string>NumberFormat</string>
                <string>NumberFormatException</string>
                <string>NVList</string>
                <string>OBJ_ADAPTER</string>
                <string>Object</string>
                <string>OBJECT_NOT_EXIST</string>
                <string>ObjectChangeListener</string>
                <string>ObjectFactory</string>
                <string>ObjectFactoryBuilder</string>
                <string>ObjectHelper</string>
                <string>ObjectHolder</string>
                <string>ObjectImpl</string>
                <string>ObjectImpl</string>
                <string>ObjectInput</string>
                <string>ObjectInputStream</string>
                <string>ObjectInputStream.GetField</string>
                <string>ObjectInputValidation</string>
                <string>ObjectOutput</string>
                <string>ObjectOutputStream</string>
                <string>ObjectOutputStream.PutField</string>
                <string>ObjectStreamClass</string>
                <string>ObjectStreamConstants</string>
                <string>ObjectStreamException</string>
                <string>ObjectStreamField</string>
                <string>ObjectView</string>
                <string>ObjID</string>
                <string>Observable</string>
                <string>Observer</string>
                <string>OctetSeqHelper</string>
                <string>OctetSeqHolder</string>
                <string>OMGVMCID</string>
                <string>OpenType</string>
                <string>Operation</string>
                <string>OperationNotSupportedException</string>
                <string>Option</string>
                <string>OptionalDataException</string>
                <string>OptionPaneUI</string>
                <string>ORB</string>
                <string>OutOfMemoryError</string>
                <string>OutputStream</string>
                <string>OutputStreamWriter</string>
                <string>OverlayLayout</string>
                <string>Owner</string>
                <string>Package</string>
                <string>PackedColorModel</string>
                <string>Pageable</string>
                <string>PageAttributes</string>
                <string>PageAttributes.ColorType</string>
                <string>PageAttributes.MediaType</string>
                <string>PageAttributes.OrientationRequestedType</string>
                <string>PageAttributes.OriginType</string>
                <string>PageAttributes.PrintQualityType</string>
                <string>PageFormat</string>
                <string>Paint</string>
                <string>PaintContext</string>
                <string>PaintEvent</string>
                <string>Panel</string>
                <string>PanelUI</string>
                <string>Paper</string>
                <string>ParagraphView</string>
                <string>ParameterBlock</string>
                <string>ParameterDescriptor</string>
                <string>ParseException</string>
                <string>ParsePosition</string>
                <string>Parser</string>
                <string>ParserDelegator</string>
                <string>PartialResultException</string>
                <string>PasswordAuthentication</string>
                <string>PasswordView</string>
                <string>Patch</string>
                <string>PathIterator</string>
                <string>Permission</string>
                <string>PermissionCollection</string>
                <string>Permissions</string>
                <string>PERSIST_STORE</string>
                <string>PhantomReference</string>
                <string>PipedInputStream</string>
                <string>PipedOutputStream</string>
                <string>PipedReader</string>
                <string>PipedWriter</string>
                <string>PixelGrabber</string>
                <string>PixelInterleavedSampleModel</string>
                <string>PKCS8EncodedKeySpec</string>
                <string>PlainDocument</string>
                <string>PlainView</string>
                <string>Point</string>
                <string>Point2D</string>
                <string>Point2D.Double</string>
                <string>Point2D.Float</string>
                <string>Policy</string>
                <string>Policy</string>
                <string>PolicyError</string>
                <string>PolicyHelper</string>
                <string>PolicyHolder</string>
                <string>PolicyListHelper</string>
                <string>PolicyListHolder</string>
                <string>PolicyOperations</string>
                <string>PolicyTypeHelper</string>
                <string>Polygon</string>
                <string>PopupMenu</string>
                <string>PopupMenuEvent</string>
                <string>PopupMenuListener</string>
                <string>PopupMenuUI</string>
                <string>Port</string>
                <string>Port.Info</string>
                <string>PortableRemoteObject</string>
                <string>PortableRemoteObjectDelegate</string>
                <string>Position</string>
                <string>Position.Bias</string>
                <string>PreparedStatement</string>
                <string>Principal</string>
                <string>PrincipalHolder</string>
                <string>Printable</string>
                <string>PrinterAbortException</string>
                <string>PrinterException</string>
                <string>PrinterGraphics</string>
                <string>PrinterIOException</string>
                <string>PrinterJob</string>
                <string>PrintGraphics</string>
                <string>PrintJob</string>
                <string>PrintStream</string>
                <string>PrintWriter</string>
                <string>PRIVATE_MEMBER</string>
                <string>PrivateKey</string>
                <string>PrivilegedAction</string>
                <string>PrivilegedActionException</string>
                <string>PrivilegedExceptionAction</string>
                <string>Process</string>
                <string>ProfileDataException</string>
                <string>ProgressBarUI</string>
                <string>ProgressMonitor</string>
                <string>ProgressMonitorInputStream</string>
                <string>Properties</string>
                <string>PropertyChangeEvent</string>
                <string>PropertyChangeListener</string>
                <string>PropertyChangeSupport</string>
                <string>PropertyDescriptor</string>
                <string>PropertyEditor</string>
                <string>PropertyEditorManager</string>
                <string>PropertyEditorSupport</string>
                <string>PropertyPermission</string>
                <string>PropertyResourceBundle</string>
                <string>PropertyVetoException</string>
                <string>ProtectionDomain</string>
                <string>ProtocolException</string>
                <string>Provider</string>
                <string>ProviderException</string>
                <string>Proxy</string>
                <string>PUBLIC_MEMBER</string>
                <string>PublicKey</string>
                <string>PushbackInputStream</string>
                <string>PushbackReader</string>
                <string>QuadCurve2D</string>
                <string>QuadCurve2D.Double</string>
                <string>QuadCurve2D.Float</string>
                <string>Random</string>
                <string>RandomAccessFile</string>
                <string>Raster</string>
                <string>RasterFormatException</string>
                <string>RasterOp</string>
                <string>Reader</string>
                <string>Receiver</string>
                <string>Rectangle</string>
                <string>Rectangle2D</string>
                <string>Rectangle2D.Double</string>
                <string>Rectangle2D.Float</string>
                <string>RectangularShape</string>
                <string>Ref</string>
                <string>RefAddr</string>
                <string>Reference</string>
                <string>Referenceable</string>
                <string>ReferenceQueue</string>
                <string>ReferralException</string>
                <string>ReflectPermission</string>
                <string>Registry</string>
                <string>RegistryHandler</string>
                <string>RemarshalException</string>
                <string>Remote</string>
                <string>RemoteCall</string>
                <string>RemoteException</string>
                <string>RemoteObject</string>
                <string>RemoteRef</string>
                <string>RemoteServer</string>
                <string>RemoteStub</string>
                <string>RenderableImage</string>
                <string>RenderableImageOp</string>
                <string>RenderableImageProducer</string>
                <string>RenderContext</string>
                <string>RenderedImage</string>
                <string>RenderedImageFactory</string>
                <string>Renderer</string>
                <string>RenderingHints</string>
                <string>RenderingHints.Key</string>
                <string>RepaintManager</string>
                <string>ReplicateScaleFilter</string>
                <string>Repository</string>
                <string>RepositoryIdHelper</string>
                <string>Request</string>
                <string>RescaleOp</string>
                <string>Resolver</string>
                <string>ResolveResult</string>
                <string>ResourceBundle</string>
                <string>ResponseHandler</string>
                <string>ResultSet</string>
                <string>ResultSetMetaData</string>
                <string>ReverbType</string>
                <string>RGBImageFilter</string>
                <string>RMIClassLoader</string>
                <string>RMIClientSocketFactory</string>
                <string>RMIFailureHandler</string>
                <string>RMISecurityException</string>
                <string>RMISecurityManager</string>
                <string>RMIServerSocketFactory</string>
                <string>RMISocketFactory</string>
                <string>Robot</string>
                <string>RootPaneContainer</string>
                <string>RootPaneUI</string>
                <string>RoundRectangle2D</string>
                <string>RoundRectangle2D.Double</string>
                <string>RoundRectangle2D.Float</string>
                <string>RowMapper</string>
                <string>RSAKey</string>
                <string>RSAKeyGenParameterSpec</string>
                <string>RSAPrivateCrtKey</string>
                <string>RSAPrivateCrtKeySpec</string>
                <string>RSAPrivateKey</string>
                <string>RSAPrivateKeySpec</string>
                <string>RSAPublicKey</string>
                <string>RSAPublicKeySpec</string>
                <string>RTFEditorKit</string>
                <string>RuleBasedCollator</string>
                <string>Runnable</string>
                <string>Runtime</string>
                <string>RunTime</string>
                <string>RuntimeException</string>
                <string>RunTimeOperations</string>
                <string>RuntimePermission</string>
                <string>SampleModel</string>
                <string>SchemaViolationException</string>
                <string>Scrollable</string>
                <string>Scrollbar</string>
                <string>ScrollBarUI</string>
                <string>ScrollPane</string>
                <string>ScrollPaneConstants</string>
                <string>ScrollPaneLayout</string>
                <string>ScrollPaneLayout.UIResource</string>
                <string>ScrollPaneUI</string>
                <string>SearchControls</string>
                <string>SearchResult</string>
                <string>SecureClassLoader</string>
                <string>SecureRandom</string>
                <string>SecureRandomSpi</string>
                <string>Security</string>
                <string>SecurityException</string>
                <string>SecurityManager</string>
                <string>SecurityPermission</string>
                <string>Segment</string>
                <string>SeparatorUI</string>
                <string>Sequence</string>
                <string>SequenceInputStream</string>
                <string>Sequencer</string>
                <string>Sequencer.SyncMode</string>
                <string>Serializable</string>
                <string>SerializablePermission</string>
                <string>ServantObject</string>
                <string>ServerCloneException</string>
                <string>ServerError</string>
                <string>ServerException</string>
                <string>ServerNotActiveException</string>
                <string>ServerRef</string>
                <string>ServerRequest</string>
                <string>ServerRuntimeException</string>
                <string>ServerSocket</string>
                <string>ServiceDetail</string>
                <string>ServiceDetailHelper</string>
                <string>ServiceInformation</string>
                <string>ServiceInformationHelper</string>
                <string>ServiceInformationHolder</string>
                <string>ServiceUnavailableException</string>
                <string>Set</string>
                <string>SetOverrideType</string>
                <string>SetOverrideTypeHelper</string>
                <string>Shape</string>
                <string>ShapeGraphicAttribute</string>
                <string>Short</string>
                <string>ShortHolder</string>
                <string>ShortLookupTable</string>
                <string>ShortMessage</string>
                <string>ShortSeqHelper</string>
                <string>ShortSeqHolder</string>
                <string>Signature</string>
                <string>SignatureException</string>
                <string>SignatureSpi</string>
                <string>SignedObject</string>
                <string>Signer</string>
                <string>SimpleAttributeSet</string>
                <string>SimpleBeanInfo</string>
                <string>SimpleDateFormat</string>
                <string>SimpleTimeZone</string>
                <string>SinglePixelPackedSampleModel</string>
                <string>SingleSelectionModel</string>
                <string>SizeLimitExceededException</string>
                <string>SizeRequirements</string>
                <string>SizeSequence</string>
                <string>Skeleton</string>
                <string>SkeletonMismatchException</string>
                <string>SkeletonNotFoundException</string>
                <string>SliderUI</string>
                <string>Socket</string>
                <string>SocketException</string>
                <string>SocketImpl</string>
                <string>SocketImplFactory</string>
                <string>SocketOptions</string>
                <string>SocketPermission</string>
                <string>SocketSecurityException</string>
                <string>SoftBevelBorder</string>
                <string>SoftReference</string>
                <string>SortedMap</string>
                <string>SortedSet</string>
                <string>Soundbank</string>
                <string>SoundbankReader</string>
                <string>SoundbankResource</string>
                <string>SourceDataLine</string>
                <string>SplitPaneUI</string>
                <string>SQLData</string>
                <string>SQLException</string>
                <string>SQLInput</string>
                <string>SQLOutput</string>
                <string>SQLPermission</string>
                <string>SQLWarning</string>
                <string>Stack</string>
                <string>StackOverflowError</string>
                <string>StateEdit</string>
                <string>StateEditable</string>
                <string>StateFactory</string>
                <string>Statement</string>
                <string>Streamable</string>
                <string>StreamableValue</string>
                <string>StreamCorruptedException</string>
                <string>StreamTokenizer</string>
                <string>StrictMath</string>
                <string>String</string>
                <string>StringBuffer</string>
                <string>StringBufferInputStream</string>
                <string>StringCharacterIterator</string>
                <string>StringContent</string>
                <string>StringHolder</string>
                <string>StringIndexOutOfBoundsException</string>
                <string>StringReader</string>
                <string>StringRefAddr</string>
                <string>StringSelection</string>
                <string>StringTokenizer</string>
                <string>StringValueHelper</string>
                <string>StringWriter</string>
                <string>Stroke</string>
                <string>Struct</string>
                <string>StructMember</string>
                <string>StructMemberHelper</string>
                <string>Stub</string>
                <string>StubDelegate</string>
                <string>StubNotFoundException</string>
                <string>Style</string>
                <string>StyleConstants</string>
                <string>StyleConstants.CharacterConstants</string>
                <string>StyleConstants.ColorConstants</string>
                <string>StyleConstants.FontConstants</string>
                <string>StyleConstants.ParagraphConstants</string>
                <string>StyleContext</string>
                <string>StyledDocument</string>
                <string>StyledEditorKit</string>
                <string>StyledEditorKit.AlignmentAction</string>
                <string>StyledEditorKit.BoldAction</string>
                <string>StyledEditorKit.FontFamilyAction</string>
                <string>StyledEditorKit.FontSizeAction</string>
                <string>StyledEditorKit.ForegroundAction</string>
                <string>StyledEditorKit.ItalicAction</string>
                <string>StyledEditorKit.StyledTextAction</string>
                <string>StyledEditorKit.UnderlineAction</string>
                <string>StyleSheet</string>
                <string>StyleSheet.BoxPainter</string>
                <string>StyleSheet.ListPainter</string>
                <string>SwingConstants</string>
                <string>SwingPropertyChangeSupport</string>
                <string>SwingUtilities</string>
                <string>SyncFailedException</string>
                <string>Synthesizer</string>
                <string>SysexMessage</string>
                <string>System</string>
                <string>SystemColor</string>
                <string>SystemException</string>
                <string>SystemFlavorMap</string>
                <string>TabableView</string>
                <string>TabbedPaneUI</string>
                <string>TabExpander</string>
                <string>TableCellEditor</string>
                <string>TableCellRenderer</string>
                <string>TableColumn</string>
                <string>TableColumnModel</string>
                <string>TableColumnModelEvent</string>
                <string>TableColumnModelListener</string>
                <string>TableHeaderUI</string>
                <string>TableModel</string>
                <string>TableModelEvent</string>
                <string>TableModelListener</string>
                <string>TableUI</string>
                <string>TableView</string>
                <string>TabSet</string>
                <string>TabStop</string>
                <string>TagElement</string>
                <string>TargetDataLine</string>
                <string>TCKind</string>
                <string>TextAction</string>
                <string>TextArea</string>
                <string>TextAttribute</string>
                <string>TextComponent</string>
                <string>TextEvent</string>
                <string>TextField</string>
                <string>TextHitInfo</string>
                <string>TextLayout</string>
                <string>TextLayout.CaretPolicy</string>
                <string>TextListener</string>
                <string>TextMeasurer</string>
                <string>TextUI</string>
                <string>TexturePaint</string>
                <string>Thread</string>
                <string>ThreadDeath</string>
                <string>ThreadGroup</string>
                <string>ThreadLocal</string>
                <string>Throwable</string>
                <string>Tie</string>
                <string>TileObserver</string>
                <string>Time</string>
                <string>TimeLimitExceededException</string>
                <string>Timer</string>
                <string>Timer</string>
                <string>TimerTask</string>
                <string>Timestamp</string>
                <string>TimeZone</string>
                <string>TitledBorder</string>
                <string>ToolBarUI</string>
                <string>Toolkit</string>
                <string>ToolTipManager</string>
                <string>ToolTipUI</string>
                <string>TooManyListenersException</string>
                <string>Track</string>
                <string>TRANSACTION_REQUIRED</string>
                <string>TRANSACTION_ROLLEDBACK</string>
                <string>TransactionRequiredException</string>
                <string>TransactionRolledbackException</string>
                <string>Transferable</string>
                <string>TransformAttribute</string>
                <string>TRANSIENT</string>
                <string>Transmitter</string>
                <string>Transparency</string>
                <string>TreeCellEditor</string>
                <string>TreeCellRenderer</string>
                <string>TreeExpansionEvent</string>
                <string>TreeExpansionListener</string>
                <string>TreeMap</string>
                <string>TreeModel</string>
                <string>TreeModelEvent</string>
                <string>TreeModelListener</string>
                <string>TreeNode</string>
                <string>TreePath</string>
                <string>TreeSelectionEvent</string>
                <string>TreeSelectionListener</string>
                <string>TreeSelectionModel</string>
                <string>TreeSet</string>
                <string>TreeUI</string>
                <string>TreeWillExpandListener</string>
                <string>TypeCode</string>
                <string>TypeCodeHolder</string>
                <string>TypeMismatch</string>
                <string>Types</string>
                <string>UID</string>
                <string>UIDefaults</string>
                <string>UIDefaults.ActiveValue</string>
                <string>UIDefaults.LazyInputMap</string>
                <string>UIDefaults.LazyValue</string>
                <string>UIDefaults.ProxyLazyValue</string>
                <string>UIManager</string>
                <string>UIManager.LookAndFeelInfo</string>
                <string>UIResource</string>
                <string>ULongLongSeqHelper</string>
                <string>ULongLongSeqHolder</string>
                <string>ULongSeqHelper</string>
                <string>ULongSeqHolder</string>
                <string>UndeclaredThrowableException</string>
                <string>UndoableEdit</string>
                <string>UndoableEditEvent</string>
                <string>UndoableEditListener</string>
                <string>UndoableEditSupport</string>
                <string>UndoManager</string>
                <string>UnexpectedException</string>
                <string>UnicastRemoteObject</string>
                <string>UnionMember</string>
                <string>UnionMemberHelper</string>
                <string>UNKNOWN</string>
                <string>UnknownError</string>
                <string>UnknownException</string>
                <string>UnknownGroupException</string>
                <string>UnknownHostException</string>
                <string>UnknownHostException</string>
                <string>UnknownObjectException</string>
                <string>UnknownServiceException</string>
                <string>UnknownUserException</string>
                <string>UnmarshalException</string>
                <string>UnrecoverableKeyException</string>
                <string>Unreferenced</string>
                <string>UnresolvedPermission</string>
                <string>UnsatisfiedLinkError</string>
                <string>UnsolicitedNotification</string>
                <string>UnsolicitedNotificationEvent</string>
                <string>UnsolicitedNotificationListener</string>
                <string>UNSUPPORTED_POLICY</string>
                <string>UNSUPPORTED_POLICY_VALUE</string>
                <string>UnsupportedAudioFileException</string>
                <string>UnsupportedClassVersionError</string>
                <string>UnsupportedEncodingException</string>
                <string>UnsupportedFlavorException</string>
                <string>UnsupportedLookAndFeelException</string>
                <string>UnsupportedOperationException</string>
                <string>URL</string>
                <string>URLClassLoader</string>
                <string>URLConnection</string>
                <string>URLDecoder</string>
                <string>URLEncoder</string>
                <string>URLStreamHandler</string>
                <string>URLStreamHandlerFactory</string>
                <string>UserException</string>
                <string>UShortSeqHelper</string>
                <string>UShortSeqHolder</string>
                <string>UTFDataFormatException</string>
                <string>Util</string>
                <string>UtilDelegate</string>
                <string>Utilities</string>
                <string>ValueBase</string>
                <string>ValueBaseHelper</string>
                <string>ValueBaseHolder</string>
                <string>ValueFactory</string>
                <string>ValueHandler</string>
                <string>ValueMember</string>
                <string>ValueMemberHelper</string>
                <string>VariableHeightLayoutCache</string>
                <string>Vector</string>
                <string>VerifyError</string>
                <string>VersionSpecHelper</string>
                <string>VetoableChangeListener</string>
                <string>VetoableChangeSupport</string>
                <string>View</string>
                <string>ViewFactory</string>
                <string>ViewportLayout</string>
                <string>ViewportUI</string>
                <string>VirtualMachineError</string>
                <string>Visibility</string>
                <string>VisibilityHelper</string>
                <string>VM_ABSTRACT</string>
                <string>VM_CUSTOM</string>
                <string>VM_NONE</string>
                <string>VM_TRUNCATABLE</string>
                <string>VMID</string>
                <string>VoiceStatus</string>
                <string>Void</string>
                <string>WCharSeqHelper</string>
                <string>WCharSeqHolder</string>
                <string>WeakHashMap</string>
                <string>WeakReference</string>
                <string>Window</string>
                <string>WindowAdapter</string>
                <string>WindowConstants</string>
                <string>WindowEvent</string>
                <string>WindowListener</string>
                <string>WrappedPlainView</string>
                <string>WritableRaster</string>
                <string>WritableRenderedImage</string>
                <string>WriteAbortedException</string>
                <string>Writer</string>
                <string>WrongTransaction</string>
                <string>WStringValueHelper</string>
                <string>X509Certificate</string>
                <string>X509CRL</string>
                <string>X509CRLEntry</string>
                <string>X509EncodedKeySpec</string>
                <string>X509Extension</string>
                <string>ZipEntry</string>
                <string>ZipException</string>
                <string>ZipFile</string>
                <string>ZipInputStream</string>
                <string>ZipOutputStream</string>
                <string>ZoneView</string>
                <string>_BindingIteratorImplBase</string>
                <string>_BindingIteratorStub</string>
                <string>_IDLTypeStub</string>
                <string>_NamingContextImplBase</string>
                <string>_NamingContextStub</string>
                <string>_PolicyStub</string>
                <string>_Remote_Stub</string>
            </keywords>
            <keywords id="Numbers" useforautocomplete="no" scope="language.constant.numeric">
		<regex>(?&lt;![\w\d_])((?:[+-]?(?:(?:[0-9]+\.[0-9]*)|(?:\.[0-9]+))(?:[eE][+\-]?[0-9]+)?[fFlL]?)|(?:(?:(?:[1-9][0-9]*)|0[0-7]*|(?:0[xX][0-9a-fA-F]+))(?:(?:[uU][lL]?)|(?:[lL][uU]?))?))(?![\w\d_])</regex>
            </keywords>
            <keywords id="Characters" scope="language.constant.numeric.character">
		<begin><regex>'(?=(?:\\u[A-Fa-f0-9]{4}'|\\?.'))</regex></begin>
                <end><regex>(\\u[A-Fa-f0-9]{4}')|(\\'')|(.')</regex></end>
            </keywords>
            <keywords id="FunctionRegex" useforautocomplete="no" scope="language.subroutine.function">
				<regex>([A-Za-z0-9_]+ *)\(</regex>
            </keywords>
            <keywords id="Preprocessor" color="#683821" useforautocomplete="no"  scope="language.preprocessor">
				<regex>(^[ 	]*import([^\n\r])*)</regex>
				<regex>(^[ 	]*package([^\n\r])*)</regex>
            </keywords>
        </default>
        
            <state id="JavadocComment" type="comment" scope="comment.block.documentation">
                <begin><regex>/\*\*</regex></begin>
                <end><regex>\*/</regex></end>
                <keywords id="JavadocTags" useforautocomplete="no" scope="comment.block.documentation.tag">
                    <regex>(?&lt;=[^\w\d]|^)(@\w+)</regex>
                </keywords>
				<import mode="Base" state="EmailAndURLContainerState" keywords-only="yes"/>
            </state>
    
            
            <state id="Comment" type="comment" scope="comment.block">
                <begin><regex>/\*</regex></begin>
                <end><regex>\*/</regex></end>
				<import mode="Base" state="EmailAndURLContainerState" keywords-only="yes"/>
            </state>
            
            <state id="SingleComment" type="comment" scope="comment.line">
                <begin><regex>//</regex></begin>
                <end><regex>[\n\r]</regex></end>
				<import mode="Base" state="EmailAndURLContainerState" keywords-only="yes"/>
            </state>
            
            <state id="Strings" type="string" scope="string.double">
                <begin><regex>"</regex></begin>
                <end><regex>(?&lt;!\\)(\\\\)*"</regex></end>
            </state>

            <state id="Block" foldable="yes" scope="meta.block">
                <begin><regex>(?:(?&lt;=\s)(?:if|else|else\s+if|for|while|do|switch|case)\s*(?:\([^#{\n\r]*?\))?)?\s*{</regex></begin>
                <end><regex>}</regex></end>
                <import/>
            </state>

    </states>

</syntax>