<?xml version="1.0" encoding="UTF-8"?>
<!DOCTYPE syntax SYSTEM "symbol.dtd">
<symbols>
    <symbol id="CVS/SVN conflict" font-weight="bold" image="SymbolWarn" indentation="0" ignoreblocks="no">
        <regex>^&lt;&lt;&lt;&lt;&lt;&lt;&lt;([\n\r]|.)*?======([\n\r]|.)*?&gt;&gt;&gt;&gt;&gt;&gt;&gt;</regex>
        <postprocess>
            <find>.*</find>
            <replace>Versioning conflict!</replace>
        </postprocess>
    </symbol>
    <symbol id="Pragma marks" font-weight="normal" font-style="normal" image="SymbolMark" indentation="0" ignoreblocks="no" show-in-comments="yes">
        <regex># !([^\n\r]+)</regex>
    </symbol>
</symbols>